aaa	-36
aac	-6
aag	6
aat	-30
aca	6
acc	8
acg	8
act	11
aga	-9
agc	25
agg	8
agt	11
ata	-13
atc	7
atg	18
att	-30
caa	-9
cac	17
cag	-2
cat	18
cca	8
ccc	13
ccg	2
cct	8
cga	31
cgc	25
cgg	2
cgt	8
cta	-18
ctc	8
ctg	-2
ctt	6
gaa	-12
gac	8
gag	8
gat	7
gca	13
gcc	45
gcg	25
gct	25
gga	-5
ggc	45
ggg	13
ggt	8
gta	-6
gtc	8
gtg	17
gtt	-6
taa	-20
tac	-6
tag	-18
tat	-13
tca	8
tcc	-5
tcg	31
tct	-9
tga	8
tgc	13
tgg	8
tgt	6
tta	-20
ttc	-12
ttg	-9
ttt	-36